"target_table","target_column","nullable","data_type","key","description","etl_logic","etl_logic_type","source_table","source_column","note"
"DIM_CLOS_PRODUCT","DIMENSION_KEY","false","number","PK","PK — Driving: STG_DIM_CLOS_PRODUCT","STG_DIM_CLOS_PRODUCT.DIMENSION_KEY","direct","STG_DIM_CLOS_PRODUCT","DIMENSION_KEY","Giữ nguyên giá trị từ SB_DWH qua vùng chìa STG_DTM, không sinh sequence mới"
"DIM_CLOS_PRODUCT","PRODUCT_SK","false","number","","Bằng đúng DIMENSION_KEY cùng dòng — dùng để Fact lookup vào DIM này. Mặc định -1 (dòng Unknown) khi lookup không khớp","STG_DIM_CLOS_PRODUCT.PRODUCT_SK","direct","STG_DIM_CLOS_PRODUCT","PRODUCT_SK",""
"DIM_CLOS_PRODUCT","PRODUCT_BK","true","string(64)","","Khóa nghiệp vụ hash của tổ hợp (dòng sản phẩm, tên dòng, sản phẩm nhánh, tên sản phẩm)","STG_DIM_CLOS_PRODUCT.PRODUCT_BK","direct","STG_DIM_CLOS_PRODUCT","PRODUCT_BK","BỔ SUNG (review 2026-10-04): thiếu ở bản cũ — vi phạm quy tắc PDTD_DTM kế thừa đầy đủ cột của STG_DTM"
"DIM_CLOS_PRODUCT","PRODUCT_LINE_CODE","true","string(100)","NK","Business key — mã dòng sản phẩm","STG_DIM_CLOS_PRODUCT.PRODUCT_LINE_CODE","direct","STG_DIM_CLOS_PRODUCT","PRODUCT_LINE_CODE",""
"DIM_CLOS_PRODUCT","PRODUCT_LINE_NAME","true","string(100)","NK","Tên dòng sản phẩm","STG_DIM_CLOS_PRODUCT.PRODUCT_LINE_NAME","direct","STG_DIM_CLOS_PRODUCT","PRODUCT_LINE_NAME",""
"DIM_CLOS_PRODUCT","SUB_PRODUCT_CODE","true","string(255)","NK","Mã sản phẩm nhánh","STG_DIM_CLOS_PRODUCT.SUB_PRODUCT_CODE","direct","STG_DIM_CLOS_PRODUCT","SUB_PRODUCT_CODE",""
"DIM_CLOS_PRODUCT","SUB_PRODUCT_NAME","true","string(255)","NK","Tên sản phẩm nhánh chi tiết","STG_DIM_CLOS_PRODUCT.SUB_PRODUCT_NAME","direct","STG_DIM_CLOS_PRODUCT","SUB_PRODUCT_NAME","Đổi tên từ PRODUCT_NAME (review 2026-10-06, đồng nhất với SUB_PRODUCT_CODE)"
"DIM_CLOS_PRODUCT","SUB_PROD_ACTIVE","true","string(100)","","Trạng thái hiệu lực của sản phẩm nhánh","STG_DIM_CLOS_PRODUCT.SUB_PROD_ACTIVE","direct","STG_DIM_CLOS_PRODUCT","SUB_PROD_ACTIVE",""
"DIM_CLOS_PRODUCT","EFF_DATE","true","date","","Ngày bắt đầu hiệu lực của phiên bản bản ghi (SCD Type 2)","STG_DIM_CLOS_PRODUCT.EFF_DATE","direct","STG_DIM_CLOS_PRODUCT","EFF_DATE",""
"DIM_CLOS_PRODUCT","EXP_DATE","true","date","","Ngày hết hiệu lực của phiên bản bản ghi; NULL = bản ghi hiện hành","STG_DIM_CLOS_PRODUCT.EXP_DATE","direct","STG_DIM_CLOS_PRODUCT","EXP_DATE",""
