"﻿""target_table""","target_column","nullable","data_type","key","description","etl_logic","etl_logic_type","source_table","source_column","note"
"DIM_RLOS_APPLICATION","DIMENSION_KEY","false","number","PK","PK — Driving: STG_DIM_RLOS_APPLICATION","STG_DIM_RLOS_APPLICATION.DIMENSION_KEY","direct","STG_DIM_RLOS_APPLICATION","DIMENSION_KEY","Giữ nguyên giá trị từ SB_DWH qua vùng chìa STG_DTM, không sinh sequence mới. review 2026-09-29 (theo HLD 2.3.1.1, review 2026-09-26): viết lại toàn bộ file khớp 85 cột STG_DTM/SB_DWH mới nhất — bê 1:1, KHÔNG còn cột phái sinh nào (BUSINESS_FLOW/DEVIATION_G3/REF_PRODUCT/SLA_CREDIT_OFFICER/SLA_MARKER/SLA_CHECKER/SLA_CREDIT_APPROVER đã chuyển hẳn sang FCT_RLOS_APPLICATION)"
"DIM_RLOS_APPLICATION","DATASOURCE","false","string(10)","","Cột kỹ thuật đánh dấu nguồn hệ","STG_DIM_RLOS_APPLICATION.DATASOURCE","direct","STG_DIM_RLOS_APPLICATION","DATASOURCE",""
"DIM_RLOS_APPLICATION","APPLICATION_SK","false","number","","Bằng đúng DIMENSION_KEY cùng dòng","STG_DIM_RLOS_APPLICATION.APPLICATION_SK","direct","STG_DIM_RLOS_APPLICATION","APPLICATION_SK",""
"DIM_RLOS_APPLICATION","WI_NAME","false","string(100)","NK","Business key — mã hồ sơ tín dụng RLOS","STG_DIM_RLOS_APPLICATION.WI_NAME","direct","STG_DIM_RLOS_APPLICATION","WI_NAME",""
"DIM_RLOS_APPLICATION","LOANCASEID","true","string(100)","","Mã khoản vay gắn với hồ sơ","STG_DIM_RLOS_APPLICATION.LOANCASEID","direct","STG_DIM_RLOS_APPLICATION","LOANCASEID",""
"DIM_RLOS_APPLICATION","STREAM","true","string(200)","","Luồng nghiệp vụ của hồ sơ","STG_DIM_RLOS_APPLICATION.STREAM","direct","STG_DIM_RLOS_APPLICATION","STREAM",""
"DIM_RLOS_APPLICATION","POLICY","true","string(200)","","Chính sách tín dụng áp dụng cho hồ sơ","STG_DIM_RLOS_APPLICATION.POLICY","direct","STG_DIM_RLOS_APPLICATION","POLICY",""
"DIM_RLOS_APPLICATION","CAMPAIGN","true","string(200)","","Chương trình bán áp dụng cho hồ sơ","STG_DIM_RLOS_APPLICATION.CAMPAIGN","direct","STG_DIM_RLOS_APPLICATION","CAMPAIGN",""
"DIM_RLOS_APPLICATION","PROOF_OF_INCOME","true","string(200)","","Hình thức chứng minh thu nhập, giữ nguyên giá trị gốc","STG_DIM_RLOS_APPLICATION.PROOF_OF_INCOME","direct","STG_DIM_RLOS_APPLICATION","PROOF_OF_INCOME",""
"DIM_RLOS_APPLICATION","COLL_REQUIRE","true","string(10)","","Sản phẩm có yêu cầu tài sản bảo đảm hay không, giữ nguyên giá trị gốc","STG_DIM_RLOS_APPLICATION.COLL_REQUIRE","direct","STG_DIM_RLOS_APPLICATION","COLL_REQUIRE",""
"DIM_RLOS_APPLICATION","IS_SEC_PRODUCT","true","string(10)","","Hồ sơ có sản phẩm phụ đi kèm hay không","STG_DIM_RLOS_APPLICATION.IS_SEC_PRODUCT","direct","STG_DIM_RLOS_APPLICATION","IS_SEC_PRODUCT",""
"DIM_RLOS_APPLICATION","DEVIATION_FLAG","true","string(10)","","Hồ sơ có ngoại lệ chính sách hay không","STG_DIM_RLOS_APPLICATION.DEVIATION_FLAG","direct","STG_DIM_RLOS_APPLICATION","DEVIATION_FLAG",""
"DIM_RLOS_APPLICATION","EMPLOYEE_CODE","true","string(50)","","Mã cán bộ quản lý hồ sơ","STG_DIM_RLOS_APPLICATION.EMPLOYEE_CODE","direct","STG_DIM_RLOS_APPLICATION","EMPLOYEE_CODE",""
"DIM_RLOS_APPLICATION","EMPLOYEE_NAME","true","string(200)","","Tên cán bộ quản lý hồ sơ","STG_DIM_RLOS_APPLICATION.EMPLOYEE_NAME","direct","STG_DIM_RLOS_APPLICATION","EMPLOYEE_NAME",""
"DIM_RLOS_APPLICATION","CREATION_DATE","true","date","","Ngày khởi tạo hồ sơ","STG_DIM_RLOS_APPLICATION.CREATION_DATE","direct","STG_DIM_RLOS_APPLICATION","CREATION_DATE",""
"DIM_RLOS_APPLICATION","APPLICATION_DATE","true","date","","Ngày khởi tạo hồ sơ khai theo form","STG_DIM_RLOS_APPLICATION.APPLICATION_DATE","direct","STG_DIM_RLOS_APPLICATION","APPLICATION_DATE",""
"DIM_RLOS_APPLICATION","RESULT_MAIN_CARD_ID","true","string(100)","","Mã thẻ chính do hệ thẻ (T24) trả về","STG_DIM_RLOS_APPLICATION.RESULT_MAIN_CARD_ID","direct","STG_DIM_RLOS_APPLICATION","RESULT_MAIN_CARD_ID",""
"DIM_RLOS_APPLICATION","APP_GRP","true","string(50)","","Cấp thẩm quyền phê duyệt của hồ sơ","STG_DIM_RLOS_APPLICATION.APP_GRP","direct","STG_DIM_RLOS_APPLICATION","APP_GRP",""
"DIM_RLOS_APPLICATION","LAST_APPROVAL_DATE","true","date","","Ngày phê duyệt gần nhất của hồ sơ","STG_DIM_RLOS_APPLICATION.LAST_APPROVAL_DATE","direct","STG_DIM_RLOS_APPLICATION","LAST_APPROVAL_DATE",""
"DIM_RLOS_APPLICATION","CURR_WSNAME","true","string(100)","","Tên bước xử lý hiện tại","STG_DIM_RLOS_APPLICATION.CURR_WSNAME","direct","STG_DIM_RLOS_APPLICATION","CURR_WSNAME",""
"DIM_RLOS_APPLICATION","PREV_WSNAME","true","string(100)","","Tên bước xử lý trước đó","STG_DIM_RLOS_APPLICATION.PREV_WSNAME","direct","STG_DIM_RLOS_APPLICATION","PREV_WSNAME",""
"DIM_RLOS_APPLICATION","DECISION","true","string(100)","","Quyết định gần nhất tại bước hiện tại/trước đó (ảnh chụp mới nhất)","STG_DIM_RLOS_APPLICATION.DECISION","direct","STG_DIM_RLOS_APPLICATION","DECISION",""
"DIM_RLOS_APPLICATION","CUSTOMER_NAME","true","string(150)","","Tên khách hàng","STG_DIM_RLOS_APPLICATION.CUSTOMER_NAME","direct","STG_DIM_RLOS_APPLICATION","CUSTOMER_NAME",""
"DIM_RLOS_APPLICATION","PRODUCT_NAME","true","string(150)","","Tên sản phẩm vay","STG_DIM_RLOS_APPLICATION.PRODUCT_NAME","direct","STG_DIM_RLOS_APPLICATION","PRODUCT_NAME",""
"DIM_RLOS_APPLICATION","APPROVAL_CONDITION","true","string(50)","","Nhóm/cấp phê duyệt áp dụng cho hồ sơ, cùng bộ mã với APP_GRP nhưng ghi nhận trực tiếp trên EXTTABLE","STG_DIM_RLOS_APPLICATION.APPROVAL_CONDITION","direct","STG_DIM_RLOS_APPLICATION","APPROVAL_CONDITION",""
"DIM_RLOS_APPLICATION","APPROVER_TYPE","true","string(100)","","Loại cấp phê duyệt xử lý hồ sơ","STG_DIM_RLOS_APPLICATION.APPROVER_TYPE","direct","STG_DIM_RLOS_APPLICATION","APPROVER_TYPE",""
"DIM_RLOS_APPLICATION","CHECKER3_CONDITION","true","string(50)","","Quyết định tại bước kiểm soát thứ 3 trong chuỗi phê duyệt","STG_DIM_RLOS_APPLICATION.CHECKER3_CONDITION","direct","STG_DIM_RLOS_APPLICATION","CHECKER3_CONDITION",""
"DIM_RLOS_APPLICATION","DISBURSEMENT_TYPE","true","string(50)","","Hình thức giải ngân (Full/Partial)","STG_DIM_RLOS_APPLICATION.DISBURSEMENT_TYPE","direct","STG_DIM_RLOS_APPLICATION","DISBURSEMENT_TYPE",""
"DIM_RLOS_APPLICATION","DISB_DECSION","true","string(100)","","Quyết định tại bước giải ngân","STG_DIM_RLOS_APPLICATION.DISB_DECSION","direct","STG_DIM_RLOS_APPLICATION","DISB_DECSION",""
"DIM_RLOS_APPLICATION","APP_STATUS","true","string(100)","","Trạng thái hồ sơ","STG_DIM_RLOS_APPLICATION.APP_STATUS","direct","STG_DIM_RLOS_APPLICATION","APP_STATUS",""
"DIM_RLOS_APPLICATION","MAJOR_DEV","true","number","","Số lượng sai lệch chính sách (deviation) mức lớn ghi nhận trên hồ sơ","STG_DIM_RLOS_APPLICATION.MAJOR_DEV","direct","STG_DIM_RLOS_APPLICATION","MAJOR_DEV",""
"DIM_RLOS_APPLICATION","MINOR_DEV","true","number","","Số lượng sai lệch chính sách (deviation) mức nhỏ ghi nhận trên hồ sơ","STG_DIM_RLOS_APPLICATION.MINOR_DEV","direct","STG_DIM_RLOS_APPLICATION","MINOR_DEV",""
"DIM_RLOS_APPLICATION","TOTALNONELIGIBLE","true","string(5)","","Số lượng điều kiện không đủ tiêu chuẩn ghi nhận trên hồ sơ","STG_DIM_RLOS_APPLICATION.TOTALNONELIGIBLE","direct","STG_DIM_RLOS_APPLICATION","TOTALNONELIGIBLE",""
"DIM_RLOS_APPLICATION","CANCEL_DATE","true","date","","Ngày hồ sơ bị hủy","STG_DIM_RLOS_APPLICATION.CANCEL_DATE","direct","STG_DIM_RLOS_APPLICATION","CANCEL_DATE",""
"DIM_RLOS_APPLICATION","REASON","true","string(500)","","Lý do hủy hồ sơ, rất ít khi có dữ liệu","STG_DIM_RLOS_APPLICATION.REASON","direct","STG_DIM_RLOS_APPLICATION","REASON",""
"DIM_RLOS_APPLICATION","RMEMAILID","true","string(250)","","Email cán bộ quan hệ khách hàng (RM) phụ trách","STG_DIM_RLOS_APPLICATION.RMEMAILID","direct","STG_DIM_RLOS_APPLICATION","RMEMAILID",""
"DIM_RLOS_APPLICATION","REMARKS","true","string(4000)","","Ghi chú, dữ liệu HTML thô, rất ít khi có dữ liệu","STG_DIM_RLOS_APPLICATION.REMARKS","direct","STG_DIM_RLOS_APPLICATION","REMARKS",""
"DIM_RLOS_APPLICATION","ZONE","true","string(50)","","Vùng miền quản lý tự khai theo hồ sơ (BC1/BC2.ZONE)","STG_DIM_RLOS_APPLICATION.ZONE","direct","STG_DIM_RLOS_APPLICATION","ZONE",""
"DIM_RLOS_APPLICATION","SALE_TYPE","true","string(100)","","Kênh bán hàng","STG_DIM_RLOS_APPLICATION.SALE_TYPE","direct","STG_DIM_RLOS_APPLICATION","SALE_TYPE",""
"DIM_RLOS_APPLICATION","BROKER_TYPE","true","string(100)","","Loại đối tác giới thiệu","STG_DIM_RLOS_APPLICATION.BROKER_TYPE","direct","STG_DIM_RLOS_APPLICATION","BROKER_TYPE",""
"DIM_RLOS_APPLICATION","BROKER_ID","true","string(100)","","Mã đối tác giới thiệu","STG_DIM_RLOS_APPLICATION.BROKER_ID","direct","STG_DIM_RLOS_APPLICATION","BROKER_ID",""
"DIM_RLOS_APPLICATION","BROKER_NAME","true","string(200)","","Tên đối tác giới thiệu","STG_DIM_RLOS_APPLICATION.BROKER_NAME","direct","STG_DIM_RLOS_APPLICATION","BROKER_NAME",""
"DIM_RLOS_APPLICATION","ACC_OFFICER","true","string(100)","","Mã nhân viên quan hệ khách hàng (Account Officer) phụ trách hồ sơ","STG_DIM_RLOS_APPLICATION.ACC_OFFICER","direct","STG_DIM_RLOS_APPLICATION","ACC_OFFICER",""
"DIM_RLOS_APPLICATION","ACCOUNT_OFFICER_NAME","true","string(200)","","Tên Account Officer phụ trách hồ sơ","STG_DIM_RLOS_APPLICATION.ACCOUNT_OFFICER_NAME","direct","STG_DIM_RLOS_APPLICATION","ACCOUNT_OFFICER_NAME",""
"DIM_RLOS_APPLICATION","EXISTING_CUSTOMER","true","string(10)","","Cờ khách hàng hiện hữu tại thời điểm nộp hồ sơ","STG_DIM_RLOS_APPLICATION.EXISTING_CUSTOMER","direct","STG_DIM_RLOS_APPLICATION","EXISTING_CUSTOMER",""
"DIM_RLOS_APPLICATION","APPLICANT_CIF","true","string(50)","","Mã CIF khách hàng (định danh ngân hàng lõi) tại thời điểm hồ sơ","STG_DIM_RLOS_APPLICATION.APPLICANT_CIF","direct","STG_DIM_RLOS_APPLICATION","APPLICANT_CIF",""
"DIM_RLOS_APPLICATION","BUSINESS_MODEL","true","string(200)","","Mô hình kinh doanh áp dụng cho kênh giới thiệu của hồ sơ","STG_DIM_RLOS_APPLICATION.BUSINESS_MODEL","direct","STG_DIM_RLOS_APPLICATION","BUSINESS_MODEL",""
"DIM_RLOS_APPLICATION","KYC1","true","string(50)","","Đơn vị/khối đang xử lý hồ sơ tại thời điểm ghi nhận","STG_DIM_RLOS_APPLICATION.KYC1","direct","STG_DIM_RLOS_APPLICATION","KYC1",""
"DIM_RLOS_APPLICATION","EFF_DATE","false","date","","Ngày bắt đầu hiệu lực của phiên bản bản ghi (SCD Type 2)","STG_DIM_RLOS_APPLICATION.EFF_DATE","direct","STG_DIM_RLOS_APPLICATION","EFF_DATE",""
"DIM_RLOS_APPLICATION","EXP_DATE","true","date","","Ngày hết hiệu lực của phiên bản bản ghi; NULL = bản ghi hiện hành","STG_DIM_RLOS_APPLICATION.EXP_DATE","direct","STG_DIM_RLOS_APPLICATION","EXP_DATE",""
